{
  "model": "snunlp/KR-SBERT-V40K-klueNLI-augSTS",
  "strategy": {
    "scene": "scene_description KoSBERT embedding",
    "graph": "object summary + category-wise weighted relationship embeddings + hazard embedding",
    "relation_weight": "score * category_weight, score < 0.5 filtered out",
    "category_weights": {
      "safety": 1.5,
      "functional": 1.2,
      "structural": 1.0,
      "spatial": 0.6
    },
    "fusion": {
      "scene_weight": 0.55,
      "graph_weight": 0.45
    }
  },
  "files": [
    "0020117",
    "0022177",
    "0022223",
    "0022247",
    "0023309"
  ],
  "similarity_matrices": {
    "scene": [
      [
        1.0,
        0.8089957237243652,
        0.8298999667167664,
        0.7424138784408569,
        0.7982404828071594
      ],
      [
        0.8089957237243652,
        1.000000238418579,
        0.8081024885177612,
        0.7515099048614502,
        0.8642159104347229
      ],
      [
        0.8298999667167664,
        0.8081024885177612,
        1.0,
        0.8107100129127502,
        0.8460816740989685
      ],
      [
        0.7424138784408569,
        0.7515099048614502,
        0.8107100129127502,
        1.0,
        0.7976184487342834
      ],
      [
        0.7982404828071594,
        0.8642159104347229,
        0.8460816740989685,
        0.7976184487342834,
        0.9999998807907104
      ]
    ],
    "graph": [
      [
        0.9999998807907104,
        0.5906740427017212,
        0.4896150231361389,
        0.49708664417266846,
        0.5703709125518799
      ],
      [
        0.5906740427017212,
        0.9999997615814209,
        0.7372380495071411,
        0.7605634331703186,
        0.8910799026489258
      ],
      [
        0.4896150231361389,
        0.7372380495071411,
        1.0,
        0.8773077726364136,
        0.7437556385993958
      ],
      [
        0.49708664417266846,
        0.7605634331703186,
        0.8773077726364136,
        1.0,
        0.736659049987793
      ],
      [
        0.5703709125518799,
        0.8910799026489258,
        0.7437556385993958,
        0.736659049987793,
        0.9999997615814209
      ]
    ],
    "combined": [
      [
        0.9999999403953552,
        0.7214510440826416,
        0.6934493184089661,
        0.6440402269363403,
        0.7068670392036438
      ],
      [
        0.7214510440826416,
        1.0000003576278687,
        0.7796865701675415,
        0.7551403045654297,
        0.8749882578849792
      ],
      [
        0.6934493184089661,
        0.7796865701675415,
        1.0000003576278687,
        0.8374150395393372,
        0.8050501346588135
      ],
      [
        0.6440401673316956,
        0.7551401257514954,
        0.8374149203300476,
        0.9999999403953552,
        0.7731744050979614
      ],
      [
        0.7068670988082886,
        0.8749882578849792,
        0.8050500750541687,
        0.7731744050979614,
        1.0
      ]
    ]
  },
  "top_pairs": [
    {
      "file_a": "0022177",
      "file_b": "0023309",
      "score": 0.8749882578849792
    },
    {
      "file_a": "0022223",
      "file_b": "0022247",
      "score": 0.8374150395393372
    },
    {
      "file_a": "0022223",
      "file_b": "0023309",
      "score": 0.8050501346588135
    },
    {
      "file_a": "0022177",
      "file_b": "0022223",
      "score": 0.7796865701675415
    },
    {
      "file_a": "0022247",
      "file_b": "0023309",
      "score": 0.7731744050979614
    },
    {
      "file_a": "0022177",
      "file_b": "0022247",
      "score": 0.7551403045654297
    },
    {
      "file_a": "0020117",
      "file_b": "0022177",
      "score": 0.7214510440826416
    },
    {
      "file_a": "0020117",
      "file_b": "0023309",
      "score": 0.7068670392036438
    },
    {
      "file_a": "0020117",
      "file_b": "0022223",
      "score": 0.6934493184089661
    },
    {
      "file_a": "0020117",
      "file_b": "0022247",
      "score": 0.6440402269363403
    }
  ]
}